{
  "cart": [
    {
      "dishName": "American cheese burger",
      "cost": 260,
      "isInCart": false,
      "id": 1
    },
    {
      "dishName": "chicken fried rice",
      "cost": 190,
      "isInCart": false,
      "id": 2
    },
    {
      "dishName": "Cajun spiced chicken",
      "cost": 230,
      "isInCart": false,
      "id": 3
    },
    {
      "dishName": "Cajun spiced chicken",
      "cost": 230,
      "isInCart": false,
      "id": 4
    },
    {
      "dishName": "Cajun spiced chicken",
      "cost": 230,
      "isInCart": false,
      "id": 5
    }
  ],
  "users": [
    {
      "email": "veera@gmail.com",
      "password": "123",
      "cpassword": "123",
      "id": 1
    },
    {
      "id": 2,
      "email": "veera2@gmail.com",
      "password": "12345",
      "cpassword": "12345"
    },
    {
      "email": "sun@gmail.com",
      "password": "123456",
      "cpassword": "123456",
      "id": 3
    },
    {
      "email": "moon@gmail.com",
      "password": "abcd",
      "cpassword": "abcd",
      "id": 4
    },
    {
      "email": "varun@gmail.com",
      "password": "123456789",
      "cpassword": "123456789",
      "id": 5
    }
  ],
  "foodList": [
    {
      "feedId": 1,
      "restaurant": "reddys biriyani zone",
      "dishName": "roasted chicken biriyani",
      "description": "Indian Restaurant",
      "rating": 4,
      "cost": 190,
      "imageUrl": "http://dummyimage.com/128x100.png/ff4444/ffffff"
    },
    {
      "feedId": 2,
      "restaurant": "kabablo",
      "dishName": "Cajun spiced chicken",
      "description": "Indian Restaurant",
      "rating": 4.1,
      "cost": 230,
      "imageUrl": "http://dummyimage.com/128x100.png/ff4444/ffffff"
    },
    {
      "feedId": 3,
      "restaurant": "main land china",
      "dishName": "Veg Momos",
      "description": "Chineese Restaurant",
      "rating": 3.9,
      "cost": 250,
      "imageUrl": "http://dummyimage.com/128x100.png/ff4444/ffffff"
    },
    {
      "feedId": 4,
      "restaurant": "beijing bites",
      "dishName": "cripy fried chicken momos",
      "description": "Chineese Restaurant",
      "rating": 4.2,
      "cost": 180,
      "imageUrl": "http://dummyimage.com/128x100.png/ff4444/ffffff"
    },
    {
      "feedId": 5,
      "restaurant": "mcdonald's",
      "dishName": "American cheese burger",
      "description": "American Restaurant",
      "rating": 3.9,
      "cost": 260,
      "imageUrl": "http://dummyimage.com/128x100.png/ff4444/ffffff"
    },
    {
      "feedId": 6,
      "restaurant": "KFC",
      "dishName": "KFC chicken bucket",
      "description": "American Restaurant",
      "rating": 4.1,
      "cost": 599,
      "imageUrl": "http://dummyimage.com/128x100.png/ff4444/ffffff"
    },
    {
      "feedId": 7,
      "restaurant": "home kitchen services",
      "dishName": "mix non veg noodles",
      "description": "Chineese Restaurant",
      "rating": 3.9,
      "cost": 100,
      "imageUrl": "http://dummyimage.com/128x100.png/ff4444/ffffff"
    },
    {
      "feedId": 8,
      "restaurant": "hotel shalimar",
      "dishName": "chicken fried rice",
      "description": "chineese Restaurant",
      "rating": 4.4,
      "cost": 190,
      "imageUrl": "http://dummyimage.com/128x100.png/ff4444/ffffff"
    },
    {
      "feedId": 9,
      "restaurant": "al arabia",
      "dishName": "Chicken shawarma",
      "description": "Lebaneese style Restaurant",
      "rating": 4.2,
      "cost": 120,
      "imageUrl": "http://dummyimage.com/128x100.png/ff4444/ffffff"
    },
    {
      "feedId": 10,
      "restaurant": "al bek",
      "dishName": "Alfaham Chicken",
      "description": "Lebaneese style Restaurant",
      "rating": 4.1,
      "cost": 230,
      "imageUrl": "http://dummyimage.com/128x100.png/ff4444/ffffff"
    },
    {
      "feedId": 8,
      "restaurant": "hotel shalimar",
      "dishName": "chicken fried rice",
      "description": "chineese Restaurant",
      "rating": 4.4,
      "cost": 190,
      "imageUrl": "http://dummyimage.com/128x100.png/ff4444/ffffff"
    },
    {
      "feedId": 9,
      "restaurant": "al arabia",
      "dishName": "Chicken shawarma",
      "description": "Lebaneese style Restaurant",
      "rating": 4.2,
      "cost": 120,
      "imageUrl": "http://dummyimage.com/128x100.png/ff4444/ffffff"
    },
    {
      "feedId": 10,
      "restaurant": "al bek",
      "dishName": "Alfaham Chicken",
      "description": "Lebaneese style Restaurant",
      "rating": 4.1,
      "cost": 230,
      "imageUrl": "http://dummyimage.com/128x100.png/ff4444/ffffff"
    }
  ]
}